id,first_name,last_name,email,fee,year,jobtitle
1,Glyn,Desmond,gdesmond0@1688.com,578747,2012,condimentum
2,Ritchie,McGloughlin,rmcgloughlin1@woothemes.com,948298,1994,sapien
3,Boyce,Wimpress,bwimpress2@usatoday.com,790722,1998,orci
4,Charis,Pawley,cpawley3@surveymonkey.com,816526,2004,id
5,Kara-lynn,Wernham,kwernham4@google.fr,716172,2006,in
6,Cherey,Elcy,celcy5@skype.com,528951,1999,turpis
7,Dur,Singyard,dsingyard6@amazon.com,528246,1985,nibh
8,Adeline,Clewett,aclewett7@forbes.com,280785,1987,vivamus
9,Xena,Edger,xedger8@mapy.cz,590197,1990,posuere
10,Nelly,Harrismith,nharrismith9@dmoz.org,434381,2008,diam
11,Yvor,Shay,yshaya@comcast.net,488932,2000,ultrices
12,Ginni,Blenkinship,gblenkinshipb@storify.com,354140,1955,enim
13,Binny,Gritton,bgrittonc@imgur.com,941739,2009,risus
14,Krispin,Hugo,khugod@uol.com.br,210380,2001,platea
15,Lorraine,Cantopher,lcantophere@wikispaces.com,23408,1995,pede
16,Elliott,Trubshaw,etrubshawf@hexun.com,265076,2009,lectus
17,Bastien,Bauer,bbauerg@is.gd,296224,2010,nec
18,Hardy,Prescot,hprescoth@de.vu,62253,1996,ut
19,Cobb,Parslow,cparslowi@umn.edu,411600,2004,blandit
20,Tommie,Shelmerdine,tshelmerdinej@oakley.com,684820,2012,cubilia
21,Gizela,Childe,gchildek@webeden.co.uk,892322,1985,tellus
22,Darya,Weth,dwethl@gnu.org,233531,1990,posuere
23,Kenon,Pouton,kpoutonm@ning.com,254728,1997,in
24,Eachelle,Hartas,ehartasn@ibm.com,375997,2011,platea
25,Edwin,Ogg,eoggo@sciencedirect.com,184235,1993,laoreet
26,Nathaniel,Feighry,nfeighryp@marriott.com,895572,1995,aliquam
27,Emelia,Courson,ecoursonq@ezinearticles.com,20124,2005,amet
28,Marji,Titmarsh,mtitmarshr@nbcnews.com,307580,2009,ac
29,Farleigh,Musprat,fmusprats@goodreads.com,934740,2009,congue
30,Mendy,Cossor,mcossort@simplemachines.org,689254,1996,quis
31,Sarette,Hillett,shillettu@goodreads.com,409561,2007,et
32,Moyra,Dallicoat,mdallicoatv@bbb.org,409323,2002,cum
33,Derk,Narup,dnarupw@alibaba.com,317199,1966,ipsum
34,Alexandra,Peckett,apeckettx@thetimes.co.uk,86070,1995,interdum
35,Homere,Pilfold,hpilfoldy@yellowbook.com,23015,1995,eu
36,Skipp,Spurgeon,sspurgeonz@sun.com,253976,2012,sem
37,Rosalia,Bevens,rbevens10@netvibes.com,89206,2002,in
38,Yehudi,Le Grove,ylegrove11@columbia.edu,8534,2009,mauris
39,Paolo,Kondratyuk,pkondratyuk12@zdnet.com,531853,2011,magna
40,Belita,Quested,bquested13@digg.com,118548,1984,aliquet
41,Estel,Grunbaum,egrunbaum14@mediafire.com,793500,2006,eget
42,Helene,Kiff,hkiff15@samsung.com,64273,2012,lobortis
43,Honoria,Jefferies,hjefferies16@xrea.com,453352,2009,aliquam
44,Kris,Shevlin,kshevlin17@alexa.com,96596,2005,orci
45,Darsey,Skep,dskep18@oakley.com,76465,2012,suscipit
46,Isobel,Kops,ikops19@wikimedia.org,373064,2011,libero
47,Claresta,Aucutt,caucutt1a@wikipedia.org,381454,2011,tincidunt
48,Percy,McQuaker,pmcquaker1b@umn.edu,382083,1993,justo
49,Margret,Cuttelar,mcuttelar1c@tmall.com,870750,1996,luctus
50,Anallese,O'Fallone,aofallone1d@marriott.com,720064,1999,duis
51,Meredeth,Beartup,mbeartup1e@engadget.com,901915,1993,vestibulum
52,Darda,Makin,dmakin1f@flavors.me,234848,2012,elit
53,Phyllis,Gainsborough,pgainsborough1g@discovery.com,190445,2001,sapien
54,Stefania,Aikin,saikin1h@is.gd,937773,2002,vel
55,Aldon,Tanner,atanner1i@disqus.com,79588,2002,et
56,Rhett,Harrinson,rharrinson1j@examiner.com,679048,2007,proin
57,Madelene,Bromehead,mbromehead1k@stumbleupon.com,847448,2008,convallis
58,Wanids,Elstub,welstub1l@indiatimes.com,982834,2005,mattis
59,Pierrette,Maude,pmaude1m@g.co,120285,2009,non
60,Dex,Kingaby,dkingaby1n@npr.org,916149,2012,convallis
61,Hartwell,Greensitt,hgreensitt1o@economist.com,334741,2007,magna
62,Joann,Bernet,jbernet1p@sciencedirect.com,939589,2010,porttitor
63,Lucina,Bergeon,lbergeon1q@google.es,885534,1996,sed
64,Sabina,Di Angelo,sdiangelo1r@reuters.com,242628,2002,vestibulum
65,Theodosia,Kalinsky,tkalinsky1s@slate.com,303402,2007,lectus
66,Fancy,O'Haire,fohaire1t@cafepress.com,697352,2006,ante
67,Hattie,Le Friec,hlefriec1u@is.gd,960522,1998,turpis
68,Foss,Lanning,flanning1v@springer.com,161471,2012,at
69,Juliana,Tudbald,jtudbald1w@dion.ne.jp,231507,2002,in
70,Gabe,Crowter,gcrowter1x@engadget.com,57661,1992,pellentesque
71,Anny,Cristofolo,acristofolo1y@va.gov,549797,2002,nibh
72,Claus,Semour,csemour1z@google.co.uk,809440,2012,scelerisque
73,Rosina,Akerman,rakerman20@mozilla.com,645966,1988,suscipit
74,Diane-marie,Shellard,dshellard21@ucoz.ru,270672,1998,mauris
75,Hewitt,Capron,hcapron22@gov.uk,281812,1966,dapibus
76,Bendite,McRavey,bmcravey23@wired.com,21514,2006,congue
77,Nicolis,Haskew,nhaskew24@flickr.com,309579,2010,erat
78,Magda,Toping,mtoping25@amazonaws.com,682177,1993,nunc
79,Leonora,Pennycord,lpennycord26@edublogs.org,693921,1998,aliquam
80,Corrine,Minifie,cminifie27@reference.com,193104,2009,odio
81,Dorri,Bisgrove,dbisgrove28@people.com.cn,427139,2006,faucibus
82,Sullivan,Impy,simpy29@nhs.uk,103416,2010,at
83,Dannie,Dorkins,ddorkins2a@indiatimes.com,983662,1984,donec
84,Adriena,Tallet,atallet2b@topsy.com,235640,2010,nulla
85,Livvy,Renvoys,lrenvoys2c@weather.com,671225,1988,maecenas
86,Erin,Risdall,erisdall2d@wikimedia.org,314785,1992,urna
87,Penny,Oleszczak,poleszczak2e@globo.com,308078,1988,orci
88,Torrey,MacCaffery,tmaccaffery2f@upenn.edu,886638,2011,ac
89,Hilton,Kinney,hkinney2g@people.com.cn,593716,2004,aenean
90,Denver,Friedman,dfriedman2h@reddit.com,819592,1988,tincidunt
91,Venita,Patman,vpatman2i@chron.com,124216,1996,arcu
92,Alf,Santon,asanton2j@dropbox.com,213951,2012,nisl
93,Lianne,Tschierasche,ltschierasche2k@wikimedia.org,989379,2006,ridiculus
94,Kandace,Ingleby,kingleby2l@ovh.net,472292,1994,lobortis
95,Aleen,Beedon,abeedon2m@altervista.org,717714,1998,lorem
96,Orton,Levine,olevine2n@wikipedia.org,845310,2002,lacinia
97,Sylas,Hawket,shawket2o@washingtonpost.com,38791,1993,nulla
98,Lisbeth,Parlett,lparlett2p@google.es,298243,2008,quis
99,Leann,Gaskin,lgaskin2q@yahoo.com,352922,2006,quis
100,Rufe,Redmell,rredmell2r@howstuffworks.com,73341,2006,vivamus
101,Mathilde,Nitto,mnitto2s@devhub.com,778437,1991,eleifend
102,Karin,Lukianov,klukianov2t@boston.com,704058,2001,quis
103,Morey,Bruckental,mbruckental2u@hubpages.com,43919,1969,cum
104,Edwina,Gostyke,egostyke2v@npr.org,639250,1993,quis
105,Marty,Kubica,mkubica2w@washingtonpost.com,335209,2012,ac
106,Licha,Baumer,lbaumer2x@issuu.com,211052,1983,mauris
107,Cindee,Claricoates,cclaricoates2y@who.int,143175,2012,lobortis
108,Sabra,Carpmile,scarpmile2z@ask.com,78483,2012,primis
109,Abbye,Sive,asive30@usgs.gov,518661,1988,non
110,Susanna,Megarrell,smegarrell31@uol.com.br,556549,2005,pede
111,Boone,Normanton,bnormanton32@newsvine.com,485365,2008,iaculis
112,Lilly,Chsteney,lchsteney33@washington.edu,533273,2011,odio
113,Nerty,Van der Kruys,nvanderkruys34@hao123.com,393283,2007,in
114,Jacquenette,Riatt,jriatt35@admin.ch,59109,1997,amet
115,Maddi,Walkley,mwalkley36@privacy.gov.au,873285,1997,tincidunt
116,Alastair,Hagger,ahagger37@nymag.com,25439,2007,consequat
117,Harrietta,Bernardin,hbernardin38@seattletimes.com,525511,2012,quam
118,Amelia,Beavon,abeavon39@discovery.com,927861,1992,dis
119,Essie,D'Costa,edcosta3a@youku.com,14487,2007,platea
120,Jane,Pashbee,jpashbee3b@loc.gov,303353,2009,sed
121,Ximenes,Andryushchenko,xandryushchenko3c@abc.net.au,384851,1994,turpis
122,Abigael,March,amarch3d@yelp.com,912576,1993,dolor
123,Grissel,Manzell,gmanzell3e@scribd.com,673964,1991,dui
124,Chiarra,Fay,cfay3f@wisc.edu,438350,1996,odio
125,Karoly,Squires,ksquires3g@gmpg.org,920488,1994,mus
126,Robin,Bowfin,rbowfin3h@wix.com,170086,1993,phasellus
127,Alwyn,Brayfield,abrayfield3i@samsung.com,529915,1986,sed
128,Feodora,Tracy,ftracy3j@liveinternet.ru,919437,1995,nulla
129,Jillian,Robertet,jrobertet3k@reference.com,110589,2012,at
130,Tiertza,Rosendale,trosendale3l@auda.org.au,731466,1988,nulla
131,Ramsay,De Benedetti,rdebenedetti3m@qq.com,273562,1987,non
132,Lothario,McAlindon,lmcalindon3n@tumblr.com,457324,2002,ante
133,Edd,Slatcher,eslatcher3o@printfriendly.com,169199,2011,tellus
134,Arabel,Glaysher,aglaysher3p@techcrunch.com,862805,2012,odio
135,Elsinore,Rogans,erogans3q@youku.com,637943,2010,ac
136,Benji,Younghusband,byounghusband3r@addthis.com,606492,2008,accumsan
137,Betta,Beadman,bbeadman3s@tuttocitta.it,587166,2000,pellentesque
138,Lowrance,Reijmers,lreijmers3t@baidu.com,982690,1992,eget
139,Glenine,Skillings,gskillings3u@indiegogo.com,646991,2004,ipsum
140,Hazlett,Sowter,hsowter3v@digg.com,220727,2011,in
141,Shae,March,smarch3w@blogtalkradio.com,713509,2012,non
142,Rosina,Loachhead,rloachhead3x@archive.org,346193,1993,morbi
143,Deborah,Cutsforth,dcutsforth3y@virginia.edu,79671,2005,mi
144,Darn,Silbermann,dsilbermann3z@earthlink.net,935083,2000,nonummy
145,Amelina,Splevin,asplevin40@dedecms.com,967908,2002,ipsum
146,Lurline,Sawter,lsawter41@ca.gov,17078,1992,amet
147,Lib,Caddy,lcaddy42@issuu.com,97713,2008,pellentesque
148,Lissie,Muirhead,lmuirhead43@tiny.cc,908772,1991,cubilia
149,Iorgo,Ruddom,iruddom44@devhub.com,642198,1999,eget
150,Marcellus,Peggs,mpeggs45@uiuc.edu,672635,1992,pede
151,Abner,McHan,amchan46@pbs.org,63468,2000,vulputate
152,Frasco,Pratten,fpratten47@usda.gov,845290,1985,nulla
153,Benny,Tire,btire48@loc.gov,636025,2010,lacinia
154,Laura,Taplow,ltaplow49@alibaba.com,737267,1999,amet
155,Tony,Aveson,taveson4a@imdb.com,359909,2005,tellus
156,Emmeline,Seint,eseint4b@hostgator.com,237998,2011,ultrices
157,Suzi,Ossulton,sossulton4c@jigsy.com,803958,1995,volutpat
158,Gwenni,Stidston,gstidston4d@cbsnews.com,361685,2005,vitae
159,Dewitt,Dobrowski,ddobrowski4e@woothemes.com,316879,2008,justo
160,Anet,McEntee,amcentee4f@is.gd,334154,2011,pede
161,Alic,Trice,atrice4g@icio.us,136782,2007,quis
162,Ceil,Probbings,cprobbings4h@nifty.com,448027,2001,nonummy
163,Gloriana,Wanless,gwanless4i@illinois.edu,702100,1984,neque
164,Franky,Lorente,florente4j@wufoo.com,579091,2003,justo
165,Rem,Kiendl,rkiendl4k@multiply.com,955633,2012,vestibulum
166,Hoyt,Swindlehurst,hswindlehurst4l@live.com,586802,2010,tortor
167,Gasper,Tilford,gtilford4m@usda.gov,450251,2002,quis
168,Gardy,Benediktsson,gbenediktsson4n@arizona.edu,811442,1996,mauris
169,Burnaby,Laurent,blaurent4o@geocities.jp,14254,1998,ac
170,Kalinda,Kaspar,kkaspar4p@ning.com,767650,1998,ut
171,Willem,Throssell,wthrossell4q@nifty.com,765466,1967,vitae
172,Fanchon,Bunner,fbunner4r@ovh.net,138399,1997,amet
173,Wilow,Finlator,wfinlator4s@angelfire.com,750198,2006,in
174,Calley,Barcke,cbarcke4t@ca.gov,655337,1993,convallis
175,Hunt,Stokell,hstokell4u@redcross.org,798385,1992,turpis
176,Rea,Toft,rtoft4v@cocolog-nifty.com,949675,1993,ac
177,Robin,Faulconbridge,rfaulconbridge4w@simplemachines.org,438348,2007,quis
178,Linea,Hiddy,lhiddy4x@epa.gov,100498,1994,in
179,Barty,Peter,bpeter4y@dyndns.org,549352,1996,ante
180,Taber,Danett,tdanett4z@boston.com,141762,2012,vulputate
181,Ashely,Gooly,agooly50@timesonline.co.uk,159641,2006,donec
182,Bartholomew,Arnull,barnull51@spiegel.de,986060,2009,justo
183,Maible,Sedcole,msedcole52@hp.com,905202,2007,volutpat
184,Myrta,Causer,mcauser53@marriott.com,611387,2009,lobortis
185,Arnoldo,Hartas,ahartas54@google.com,47140,2002,vitae
186,Thia,Gallier,tgallier55@sohu.com,567993,2000,pede
187,Waite,De'Ath,wdeath56@deliciousdays.com,518189,1990,nonummy
188,Marian,Demonge,mdemonge57@scribd.com,334614,2011,posuere
189,Thorn,Poulgreen,tpoulgreen58@mayoclinic.com,164644,2012,lectus
190,Blake,Izon,bizon59@nifty.com,903762,2006,sed
191,Herb,Heard,hheard5a@cyberchimps.com,531621,2013,viverra
192,Juana,Waddington,jwaddington5b@elpais.com,873234,2008,metus
193,Chrissie,Dusey,cdusey5c@domainmarket.com,125671,2006,faucibus
194,Nickey,Postgate,npostgate5d@acquirethisname.com,786439,1998,adipiscing
195,Else,Lebbon,elebbon5e@apple.com,699241,2008,vel
196,Homerus,Biskup,hbiskup5f@google.com,314341,1989,in
197,Merwin,Scranedge,mscranedge5g@flavors.me,392936,2010,id
198,Pepe,Anstead,panstead5h@addthis.com,818643,2002,sit
199,Inigo,Aburrow,iaburrow5i@jugem.jp,363690,2001,faucibus
200,Malory,Naerup,mnaerup5j@indiatimes.com,161058,1999,cursus
201,Corney,Beckham,cbeckham5k@google.de,286837,2012,sodales
202,Dale,Clowney,dclowney5l@forbes.com,583559,2012,sed
203,Gay,Izak,gizak5m@guardian.co.uk,984996,2006,primis
204,Clair,Morter,cmorter5n@dyndns.org,689,1987,velit
205,Charissa,Pigney,cpigney5o@deliciousdays.com,796753,2000,molestie
206,Tarra,Cogman,tcogman5p@tinyurl.com,139668,1984,adipiscing
207,Ginni,Veel,gveel5q@wp.com,424420,1993,ac
208,Prisca,Lundon,plundon5r@mit.edu,235057,2010,viverra
209,Graehme,McMennum,gmcmennum5s@about.me,769944,2006,in
210,Prudence,MacPhail,pmacphail5t@state.gov,790090,2000,enim
211,Cornelia,Pepineaux,cpepineaux5u@cam.ac.uk,485465,1995,tristique
212,Laurence,McNea,lmcnea5v@usatoday.com,338971,1998,nascetur
213,Aggie,Woodroofe,awoodroofe5w@umn.edu,953609,2007,suspendisse
214,Tammie,Camacke,tcamacke5x@yellowpages.com,357607,2000,in
215,Roth,Duncklee,rduncklee5y@sina.com.cn,299031,2009,sapien
216,Josias,Bennion,jbennion5z@reuters.com,9904,2012,quis
217,Daloris,Ropars,dropars60@chronoengine.com,32235,1988,suspendisse
218,Torey,Halfacre,thalfacre61@mapy.cz,352932,2005,tristique
219,Dannie,Wincer,dwincer62@yahoo.com,878854,1994,eget
220,Tonya,Bonner,tbonner63@gizmodo.com,767830,1992,quam
221,Celene,Sarfatti,csarfatti64@europa.eu,942573,1994,hac
222,Vince,Saban,vsaban65@army.mil,249457,1994,lectus
223,Erda,Raggitt,eraggitt66@utexas.edu,233006,2009,molestie
224,Ardyth,Sagerson,asagerson67@archive.org,316129,2009,suspendisse
225,Wye,Bradane,wbradane68@pagesperso-orange.fr,981548,2001,tempor
226,Lorry,Slide,lslide69@altervista.org,931686,1992,nec
227,Georgianna,Dwyr,gdwyr6a@thetimes.co.uk,626661,1996,tristique
228,Rem,Bradock,rbradock6b@xrea.com,233683,1995,ridiculus
229,Torre,Backe,tbacke6c@nifty.com,469814,1996,dui
230,Orion,Haggard,ohaggard6d@linkedin.com,176406,1996,lobortis
231,Catrina,Gatehouse,cgatehouse6e@yandex.ru,395826,1999,id
232,Nickey,Heffer,nheffer6f@alibaba.com,372744,1996,orci
233,Shaughn,MacGaffey,smacgaffey6g@icq.com,760847,1997,quam
234,Daphna,Ogle,dogle6h@intel.com,389038,1992,dictumst
235,Sallyann,Clery,sclery6i@hp.com,520258,2011,nibh
236,Lindon,Freed,lfreed6j@china.com.cn,119459,1998,nisl
237,Joyan,Kemme,jkemme6k@elpais.com,225003,2007,sed
238,Storm,Donaghie,sdonaghie6l@behance.net,72733,2007,pede
239,Bibi,Hyman,bhyman6m@icq.com,509099,1998,cras
240,Rebekkah,Grangier,rgrangier6n@princeton.edu,266317,1995,massa
241,Bail,Leavey,bleavey6o@bizjournals.com,591247,1996,duis
242,Roseann,Andrivel,randrivel6p@hc360.com,440922,2004,neque
243,Reggy,Colleer,rcolleer6q@accuweather.com,497112,2009,convallis
244,Leone,Ibbott,libbott6r@drupal.org,318108,1999,justo
245,Berny,Pinkney,bpinkney6s@oaic.gov.au,280719,2013,sit
246,Calley,Phillpot,cphillpot6t@mayoclinic.com,371519,2004,in
247,Johnette,Link,jlink6u@cnn.com,345804,2012,in
248,Dianemarie,Skerm,dskerm6v@altervista.org,153508,2004,posuere
249,Etan,Gouly,egouly6w@goodreads.com,195013,1995,diam
250,Lindsey,Von Welldun,lvonwelldun6x@google.pl,291564,2013,fringilla
251,Evy,Wollard,ewollard6y@ted.com,121814,1995,pede
252,Ninette,Ivashchenko,nivashchenko6z@icq.com,871679,1995,eget
253,Wilfred,Giraudoux,wgiraudoux70@fastcompany.com,87902,1993,id
254,Nananne,Stanaway,nstanaway71@ted.com,967516,2004,aenean
255,Warde,Harkess,wharkess72@livejournal.com,501648,1994,libero
256,Gaylord,Issakov,gissakov73@joomla.org,100224,1988,ultrices
257,Mariele,Benbrick,mbenbrick74@github.com,425789,2010,eu
258,Godfrey,Fidell,gfidell75@whitehouse.gov,613526,2002,maecenas
259,Sully,Garioch,sgarioch76@drupal.org,436881,1999,posuere
260,Essa,Schwandermann,eschwandermann77@mail.ru,166760,2009,enim
261,Finn,Fripp,ffripp78@whitehouse.gov,325819,1988,morbi
262,Karrah,Mateo,kmateo79@google.ru,761516,1989,rutrum
263,Lucy,Welds,lwelds7a@newsvine.com,460137,2004,molestie
264,Tuck,McLane,tmclane7b@domainmarket.com,353749,2004,velit
265,Amanda,Bootman,abootman7c@irs.gov,184724,1996,nulla
266,Lorenzo,Kleinberer,lkleinberer7d@independent.co.uk,789158,2002,vestibulum
267,Adriano,Kopta,akopta7e@lycos.com,538534,1998,purus
268,Sherri,Edinburgh,sedinburgh7f@tamu.edu,78726,2006,erat
269,Barbra,MacAndie,bmacandie7g@aboutads.info,980479,2001,pulvinar
270,Ardisj,Bedenham,abedenham7h@skype.com,523472,2004,est
271,Talia,Semper,tsemper7i@apple.com,157715,1991,risus
272,Pierette,Louiset,plouiset7j@newyorker.com,813405,2004,odio
273,Newton,Dener,ndener7k@dedecms.com,186423,1996,sit
274,Galen,Kobierra,gkobierra7l@yale.edu,948259,2012,urna
275,Gabe,Covelle,gcovelle7m@newsvine.com,917926,1993,in
276,Merralee,Pope,mpope7n@flavors.me,177196,1985,quis
277,Scarlett,Padden,spadden7o@google.de,553873,2009,tortor
278,Karen,Thyng,kthyng7p@yahoo.com,815994,1998,pellentesque
279,Shanna,Nesbit,snesbit7q@facebook.com,938086,2012,tellus
280,Shirleen,Townsley,stownsley7r@answers.com,845129,2006,at
281,Estele,Treadaway,etreadaway7s@omniture.com,897830,2012,nulla
282,Tansy,Dudlestone,tdudlestone7t@utexas.edu,793874,1993,non
283,Aggi,Vant,avant7u@seesaa.net,816999,2003,semper
284,Steffen,Hargreaves,shargreaves7v@answers.com,623016,2006,ante
285,Banky,Kell,bkell7w@walmart.com,52046,2013,lacus
286,Ema,Cristofor,ecristofor7x@spotify.com,784405,2004,pede
287,Evy,Bodycomb,ebodycomb7y@hexun.com,15678,1991,lectus
288,Bone,Bardwell,bbardwell7z@amazon.de,258884,2012,purus
289,Jeni,Ramard,jramard80@vkontakte.ru,69000,2005,quis
290,Erin,Proudlock,eproudlock81@scientificamerican.com,123329,2012,tincidunt
291,Ethan,Turfs,eturfs82@dedecms.com,250295,2005,id
292,Lorraine,Barrable,lbarrable83@discovery.com,466747,2012,in
293,Sofia,Royl,sroyl84@t-online.de,630408,2005,quam
294,Lizzie,Exley,lexley85@jimdo.com,202613,2003,phasellus
295,Lanie,Hooban,lhooban86@odnoklassniki.ru,764369,2004,congue
296,Nollie,Allaway,nallaway87@businesswire.com,644696,1998,at
297,Mimi,Berceros,mberceros88@washingtonpost.com,197561,1990,ac
298,Eugenie,Tichelaar,etichelaar89@symantec.com,656468,1994,curabitur
299,Hartwell,Scourgie,hscourgie8a@wikispaces.com,617243,2004,maecenas
300,Joli,Fraulo,jfraulo8b@guardian.co.uk,267483,1999,rutrum
301,Myrwyn,Charkham,mcharkham8c@clickbank.net,613155,2000,gravida
302,Olenka,Treadgall,otreadgall8d@ucla.edu,383126,2005,nullam
303,Tiena,Barles,tbarles8e@dmoz.org,981695,2002,dignissim
304,Gussy,Shepheard,gshepheard8f@tuttocitta.it,295379,1997,pede
305,Clemmy,Lamberts,clamberts8g@pinterest.com,909562,1983,aliquam
306,Auroora,Benko,abenko8h@dmoz.org,660154,1994,platea
307,Eloise,Napoli,enapoli8i@huffingtonpost.com,7995,1995,nibh
308,Tildie,Clayborn,tclayborn8j@weather.com,693030,2012,pede
309,Kliment,Melato,kmelato8k@microsoft.com,427973,1992,nascetur
310,Gunilla,Batrip,gbatrip8l@msn.com,661909,2005,quis
311,Joyous,Challinor,jchallinor8m@photobucket.com,184144,2009,sit
312,Aindrea,Brick,abrick8n@smugmug.com,215609,2012,platea
313,Raquela,Pyrah,rpyrah8o@google.es,271544,1996,non
314,Tracee,Tonnesen,ttonnesen8p@sogou.com,123870,2000,ullamcorper
315,Bertrand,Domenichelli,bdomenichelli8q@yellowbook.com,221829,1991,sed
316,Land,Muffitt,lmuffitt8r@wix.com,394120,2008,morbi
317,Winny,Prodrick,wprodrick8s@soundcloud.com,3677,1986,enim
318,Sigrid,Klimkowski,sklimkowski8t@mac.com,660810,1999,libero
319,Philippine,Kuhwald,pkuhwald8u@cnn.com,925375,2009,ut
320,Sadye,Kenway,skenway8v@abc.net.au,791949,2007,pellentesque
321,Port,Kelling,pkelling8w@edublogs.org,353174,1992,sapien
322,Gunther,Alfonsini,galfonsini8x@sohu.com,519882,2001,ut
323,Reynold,Elcoux,relcoux8y@biblegateway.com,589251,2012,elementum
324,Sarene,Pippard,spippard8z@networksolutions.com,525213,2000,et
325,Alysa,Mosconi,amosconi90@washingtonpost.com,203224,1994,sit
326,Andria,Baigrie,abaigrie91@lycos.com,868090,1992,phasellus
327,Corrina,Durbin,cdurbin92@prlog.org,893209,2012,tristique
328,Paule,Cisco,pcisco93@artisteer.com,397834,2005,eu
329,Weylin,Spellissy,wspellissy94@ovh.net,450919,1994,tellus
330,Riki,Mish,rmish95@admin.ch,914281,2010,est
331,Tybalt,Spykings,tspykings96@squarespace.com,954687,2011,mauris
332,Paul,Hawlgarth,phawlgarth97@comcast.net,311995,1991,iaculis
333,Rhea,Horwell,rhorwell98@imgur.com,515119,2003,mauris
334,Lindy,Boshere,lboshere99@cdbaby.com,866709,1993,imperdiet
335,Anne,Pendreigh,apendreigh9a@apache.org,987831,1999,elit
336,Nathalie,Gallard,ngallard9b@blinklist.com,23714,2007,urna
337,Steffi,Morillas,smorillas9c@tripadvisor.com,152425,1993,cubilia
338,Isabelle,Wagstaff,iwagstaff9d@amazon.com,343193,2008,interdum
339,Otho,Millberg,omillberg9e@nbcnews.com,562718,2009,molestie
340,Kermy,Gashion,kgashion9f@jiathis.com,126826,1993,nunc
341,Yehudit,Seamans,yseamans9g@answers.com,78567,1992,eu
342,Stanwood,Patterfield,spatterfield9h@home.pl,336163,1997,in
343,Erhart,Margerison,emargerison9i@blogger.com,731122,2009,sit
344,Camila,Sturton,csturton9j@columbia.edu,681079,1992,mauris
345,Bruis,Andrelli,bandrelli9k@linkedin.com,708186,1997,id
346,Stuart,Skeech,sskeech9l@tinypic.com,279902,2010,libero
347,Elijah,Imos,eimos9m@quantcast.com,269023,2011,tincidunt
348,Genevieve,Riddeough,griddeough9n@people.com.cn,527858,2005,tortor
349,Ely,Cartmer,ecartmer9o@mail.ru,716729,2012,cubilia
350,Goddart,Fosberry,gfosberry9p@devhub.com,514431,1992,amet
351,Kippie,Holde,kholde9q@godaddy.com,825865,2011,eu
352,Sal,Thurman,sthurman9r@t.co,462113,1976,malesuada
353,Gawen,Guisby,gguisby9s@youku.com,577787,1987,cras
354,Howard,Sjostrom,hsjostrom9t@biblegateway.com,697776,2005,turpis
355,Tessie,Spurgeon,tspurgeon9u@answers.com,626091,2003,et
356,Jordan,Crinage,jcrinage9v@patch.com,212944,2007,vestibulum
357,Karly,Whibley,kwhibley9w@sfgate.com,28991,2009,molestie
358,Annabal,Raper,araper9x@pen.io,579265,2000,metus
359,Eddy,Dietsche,edietsche9y@netvibes.com,823207,1967,eget
360,Aile,Shirley,ashirley9z@icq.com,454871,1993,nullam
361,Bambi,Purches,bpurchesa0@gizmodo.com,417914,2010,risus
362,Alla,Fluck,aflucka1@mozilla.com,223856,1986,vestibulum
363,Alair,Wanka,awankaa2@unesco.org,205055,1989,nulla
364,Ignatius,Curro,icurroa3@gmpg.org,339472,1988,morbi
365,Gianina,Munt,gmunta4@macromedia.com,579383,1993,dignissim
366,Glory,Rowter,growtera5@networksolutions.com,640627,1993,in
367,Gabbi,Whitington,gwhitingtona6@state.tx.us,400701,1990,id
368,Brittni,Luciani,bluciania7@youku.com,531619,2008,bibendum
369,Gabie,Armitage,garmitagea8@imgur.com,313196,2007,ipsum
370,Rivkah,Diben,rdibena9@weebly.com,889436,2001,cum
371,Rancell,Caffrey,rcaffreyaa@mtv.com,24588,2004,eu
372,Thayne,Bryden,tbrydenab@admin.ch,678459,1997,leo
373,Dwayne,Rittmeier,drittmeierac@sphinn.com,97722,2010,quis
374,Nathalie,Mollene,nmollenead@newyorker.com,187163,2002,duis
375,Rick,Crosse,rcrosseae@uiuc.edu,715499,1988,vestibulum
376,Allyn,Dronsfield,adronsfieldaf@nature.com,389897,1993,sapien
377,Vitoria,Millberg,vmillbergag@nyu.edu,231146,2006,accumsan
378,Edwin,Leafe,eleafeah@miibeian.gov.cn,708492,1990,ut
379,Jania,Rickaert,jrickaertai@trellian.com,360565,1992,vel
380,Denney,Popeley,dpopeleyaj@blinklist.com,777990,2013,vulputate
381,Carlotta,Kiley,ckileyak@amazonaws.com,602383,2009,augue
382,Agretha,Korting,akortingal@slashdot.org,335190,1991,in
383,Ari,Cannell,acannellam@loc.gov,100615,2005,non
384,Tamar,McCumesky,tmccumeskyan@samsung.com,798999,1993,congue
385,Olivette,Thurling,othurlingao@yellowbook.com,512055,1995,ut
386,Colin,Jonsson,cjonssonap@elpais.com,95179,1991,lacus
387,Emmey,Woodroff,ewoodroffaq@free.fr,151784,2004,sit
388,Dickie,Seal,dsealar@state.tx.us,769525,2013,sed
389,Curran,Finden,cfindenas@shop-pro.jp,860120,2003,sapien
390,Jennine,Hackney,jhackneyat@home.pl,707144,1986,cursus
391,Eartha,Stackbridge,estackbridgeau@gizmodo.com,154910,1994,ut
392,Timothea,Aspole,taspoleav@indiegogo.com,82646,2009,pellentesque
393,Sephira,Hearns,shearnsaw@irs.gov,801676,2004,in
394,Maribeth,Worgan,mworganax@addthis.com,40237,1989,id
395,Cristal,Feaster,cfeasteray@bbc.co.uk,356786,2012,mus
396,Merry,Kynett,mkynettaz@zimbio.com,621103,2002,in
397,Cara,Tellenbach,ctellenbachb0@addthis.com,361819,1994,etiam
398,Mufi,Davinet,mdavinetb1@blogs.com,551836,1998,est
399,Linus,Sorsbie,lsorsbieb2@ca.gov,620485,2009,quisque
400,Torrin,Fowells,tfowellsb3@si.edu,563947,2011,id
401,Zak,Heaney`,zheaneyb4@examiner.com,111644,1985,lacinia
402,Obidiah,MacLennan,omaclennanb5@unc.edu,453798,2004,neque
403,Samuele,Hawney,shawneyb6@narod.ru,227533,2010,sit
404,Stephen,Ormes,sormesb7@prlog.org,739025,2005,accumsan
405,Doy,Kerry,dkerryb8@printfriendly.com,684287,2008,eu
406,Susette,Dewes,sdewesb9@hhs.gov,380973,1997,augue
407,Bobine,Fuentez,bfuentezba@mozilla.com,43266,2004,viverra
408,Almeta,Vawton,avawtonbb@mapy.cz,658136,2010,quis
409,Dorry,Sabater,dsabaterbc@bloomberg.com,279311,1996,ac
410,Abby,Prangle,apranglebd@cornell.edu,288437,2010,nullam
411,Rivy,McKendo,rmckendobe@mapquest.com,140089,1986,cursus
412,Andeee,Marxsen,amarxsenbf@unicef.org,806941,1992,risus
413,Massimo,Krysztofowicz,mkrysztofowiczbg@bizjournals.com,245905,2011,imperdiet
414,Zeb,Oxherd,zoxherdbh@imageshack.us,249614,1997,amet
415,Courtnay,Coard,ccoardbi@t-online.de,442803,1988,erat
416,Naoma,Cowerd,ncowerdbj@ox.ac.uk,943790,2009,odio
417,Bourke,Hillborne,bhillbornebk@prweb.com,829180,1992,amet
418,Brucie,Ever,beverbl@washingtonpost.com,362671,2000,ligula
419,Ketti,Soulsby,ksoulsbybm@opensource.org,769089,1997,volutpat
420,Blisse,Baigent,bbaigentbn@jiathis.com,281381,1997,sed
421,Christoper,Shacklady,cshackladybo@guardian.co.uk,385325,1991,quis
422,Adela,Dell 'Orto,adellortobp@japanpost.jp,147646,2012,lobortis
423,Tamqrah,Culbert,tculbertbq@sbwire.com,597371,2000,congue
424,Tallie,Meneux,tmeneuxbr@csmonitor.com,870138,2004,donec
425,Sib,Kubelka,skubelkabs@comcast.net,779677,1968,enim
426,Meggi,Ventam,mventambt@redcross.org,491007,1996,augue
427,Annette,Trueman,atruemanbu@icq.com,870271,2003,ultrices
428,Berget,Rummins,brumminsbv@qq.com,205748,1999,nulla
429,Carly,Houlton,choultonbw@mayoclinic.com,170854,2004,erat
430,Myrtle,Edes,medesbx@reference.com,469969,1992,feugiat
431,Warden,Middlemist,wmiddlemistby@latimes.com,17967,1995,odio
432,Tarrance,Lawrinson,tlawrinsonbz@cbslocal.com,666932,2007,egestas
433,Isadora,Fletcher,ifletcherc0@who.int,613134,2002,molestie
434,Brigg,Biddle,bbiddlec1@liveinternet.ru,25438,1993,nullam
435,Simonette,Kindred,skindredc2@com.com,600786,2001,sed
436,Elsey,Knobell,eknobellc3@ning.com,303546,1989,ullamcorper
437,Jori,Kitteringham,jkitteringhamc4@digg.com,69477,1997,posuere
438,Seamus,Galia,sgaliac5@i2i.jp,761218,1997,bibendum
439,Goldie,Priestman,gpriestmanc6@histats.com,686432,1999,tortor
440,Berthe,Yashunin,byashuninc7@comcast.net,88978,1994,augue
441,Brena,Kelcher,bkelcherc8@timesonline.co.uk,812513,2000,eget
442,Millisent,Toten,mtotenc9@sogou.com,903937,1995,potenti
443,Desmond,Rickis,drickisca@topsy.com,254068,1994,in
444,Conrad,Trelease,ctreleasecb@sbwire.com,669101,2008,aliquam
445,Elsa,Gonzalo,egonzalocc@mtv.com,518208,1996,tristique
446,Linnet,Soot,lsootcd@ibm.com,428519,1955,odio
447,Amby,Georgiades,ageorgiadesce@cisco.com,54617,2012,sem
448,Freida,Dinnies,fdinniescf@apple.com,469113,2002,sociis
449,Carmen,Milne,cmilnecg@topsy.com,459227,1984,mattis
450,Barbabra,Steptow,bsteptowch@oakley.com,578586,2004,mauris
451,Valentin,Gittus,vgittusci@technorati.com,825265,1993,lacus
452,Rick,Simonite,rsimonitecj@spiegel.de,34354,2004,ante
453,Tova,Sucre,tsucreck@ucoz.ru,115962,1985,neque
454,Rivkah,Hiscoke,rhiscokecl@simplemachines.org,610400,1997,nunc
455,Ariana,Leads,aleadscm@aboutads.info,796504,2005,venenatis
456,Ferris,Le Marchand,flemarchandcn@nih.gov,553672,1988,ut
457,Christina,MacKeig,cmackeigco@yellowbook.com,152321,2001,nisl
458,Thibaut,Adair,tadaircp@sphinn.com,199247,2008,quisque
459,Annnora,Romero,aromerocq@ask.com,63896,1997,consectetuer
460,Venita,Climance,vclimancecr@vimeo.com,191803,2011,nulla
461,Megan,Vaulkhard,mvaulkhardcs@rakuten.co.jp,642270,2008,semper
462,Christophorus,Preon,cpreonct@vimeo.com,112078,1985,amet
463,Arabele,Ferber,aferbercu@sphinn.com,63692,2005,lobortis
464,Codie,Poleykett,cpoleykettcv@fc2.com,181252,1986,faucibus
465,Enos,Longwood,elongwoodcw@cargocollective.com,282157,2008,rutrum
466,Hasheem,Colquite,hcolquitecx@linkedin.com,978103,2002,justo
467,Cly,Braiden,cbraidency@reddit.com,40270,2011,nisl
468,Carly,Smart,csmartcz@exblog.jp,687905,1989,purus
469,Cassandra,Lowing,clowingd0@indiatimes.com,78142,1987,suspendisse
470,Cary,Caghan,ccaghand1@msu.edu,607700,1985,tempus
471,Nollie,Galilee,ngalileed2@nifty.com,22357,1987,tortor
472,Lauren,Swindle,lswindled3@geocities.jp,465254,1997,donec
473,Panchito,Bartholat,pbartholatd4@state.gov,199698,2011,eget
474,Garik,Twigger,gtwiggerd5@independent.co.uk,661748,2008,et
475,Ginnifer,Ayliff,gayliffd6@businessinsider.com,921335,2010,nulla
476,Ozzy,Mangenot,omangenotd7@mozilla.org,234525,1969,sollicitudin
477,Oberon,Calcott,ocalcottd8@hatena.ne.jp,170851,2011,pede
478,Amelina,Mayne,amayned9@sina.com.cn,775321,1992,curae
479,Carola,Carrodus,ccarrodusda@nasa.gov,214314,1965,eget
480,Ogdan,Devote,odevotedb@squidoo.com,650595,1999,nec
481,Brynna,Bevington,bbevingtondc@ebay.com,264218,1994,varius
482,Nanny,Lafflina,nlafflinadd@guardian.co.uk,370767,2009,in
483,Florry,Cheeke,fcheekede@japanpost.jp,687034,1997,luctus
484,Ilysa,Kleuer,ikleuerdf@netlog.com,351432,1992,non
485,Abbe,Halston,ahalstondg@marketwatch.com,298435,2011,nulla
486,Arlena,Aimable,aaimabledh@engadget.com,968080,1998,eget
487,Bartlett,Yter,byterdi@prnewswire.com,364574,2005,ac
488,Brittan,Da Costa,bdacostadj@columbia.edu,186018,2009,est
489,Lissy,Spires,lspiresdk@gmpg.org,132769,1987,neque
490,Donielle,Whitebread,dwhitebreaddl@topsy.com,497463,2001,faucibus
491,Carolynn,Heatly,cheatlydm@amazon.com,614112,2000,pede
492,Jessy,Flowerden,jflowerdendn@theatlantic.com,843888,1990,id
493,Gustavo,Gozzard,ggozzarddo@vistaprint.com,248397,2012,id
494,Anne-marie,Sirmond,asirmonddp@canalblog.com,859997,2001,eu
495,Marissa,Dodgshun,mdodgshundq@nyu.edu,904194,2001,imperdiet
496,Katey,Dresser,kdresserdr@reference.com,921737,2003,quis
497,Tanhya,Bridgeman,tbridgemands@java.com,737016,2005,diam
498,Cyril,Lilley,clilleydt@ycombinator.com,268810,2003,faucibus
499,Artus,Acock,aacockdu@desdev.cn,312275,2010,et
500,Sandra,Van der Linde,svanderlindedv@furl.net,51044,2009,orci
501,Carmina,Dolle,cdolledw@nytimes.com,529265,2001,eget
502,Judah,Cadd,jcadddx@jiathis.com,739310,1992,sollicitudin
503,Owen,Munnings,omunningsdy@craigslist.org,18521,1991,dui
504,Kelvin,Mendoza,kmendozadz@lulu.com,379396,1984,nascetur
505,Ricard,Portchmouth,rportchmouthe0@uiuc.edu,895724,2003,maecenas
506,Dulcea,Maciaszek,dmaciaszeke1@statcounter.com,287870,2000,posuere
507,Conrado,Scollan,cscollane2@wikipedia.org,79012,1995,sagittis
508,Benedicto,Mannion,bmannione3@nifty.com,199539,2008,blandit
509,Patrizia,Garretson,pgarretsone4@4shared.com,849233,2006,nec
510,Conny,Tremayle,ctremaylee5@comcast.net,169082,2010,in
511,Vaclav,Crystal,vcrystale6@posterous.com,577515,2001,maecenas
512,Rubina,O'Donnelly,rodonnellye7@last.fm,282906,2009,amet
513,Mufinella,Rowan,mrowane8@edublogs.org,300848,2012,maecenas
514,Zorah,Sherlock,zsherlocke9@toplist.cz,516094,2005,pede
515,Batholomew,Quickfall,bquickfallea@newyorker.com,867260,2002,volutpat
516,Bart,Blockwell,bblockwelleb@pen.io,602815,1992,proin
517,Skipp,Drummer,sdrummerec@youku.com,369128,2005,leo
518,Ari,Treher,atrehered@imageshack.us,428431,2000,porta
519,Spenser,Finders,sfindersee@boston.com,964962,2010,platea
520,Eileen,McGibbon,emcgibbonef@imageshack.us,526410,2011,nascetur
521,Marnie,Sankey,msankeyeg@dropbox.com,575719,2010,donec
522,Aristotle,Placstone,aplacstoneeh@gizmodo.com,360427,1995,proin
523,Tanitansy,Cayette,tcayetteei@yahoo.co.jp,189924,2009,accumsan
524,Kathie,O'Riordan,koriordanej@prweb.com,142443,2008,natoque
525,Rafferty,Weathers,rweathersek@webs.com,609535,2008,in
526,Clerissa,Iozefovich,ciozefovichel@seattletimes.com,344084,2006,dui
527,Hallsy,MacTimpany,hmactimpanyem@elpais.com,677617,2005,consequat
528,Basilio,Chrispin,bchrispinen@dailymail.co.uk,900697,1989,at
529,Aloin,Sherman,ashermaneo@homestead.com,590804,2002,eget
530,Yves,Tomasik,ytomasikep@nps.gov,384654,2005,eu
531,Ignace,Filppetti,ifilppettieq@over-blog.com,153545,2012,in
532,Cherie,Toffel,ctoffeler@csmonitor.com,421351,2007,id
533,Drew,Griggs,dgriggses@squidoo.com,449516,1985,semper
534,Jeannie,D' Angelo,jdangeloet@feedburner.com,523977,1989,in
535,Adlai,Beasant,abeasanteu@slashdot.org,785537,2005,lectus
536,Brady,Brabyn,bbrabynev@wunderground.com,180206,1999,augue
537,Pamella,Moiser,pmoiserew@yandex.ru,59984,2005,pharetra
538,Edna,Djurevic,edjurevicex@wikia.com,239197,2000,leo
539,Bette,Scothern,bscotherney@newyorker.com,61142,2009,nisl
540,Deloria,Peye,dpeyeez@deviantart.com,60918,2006,donec
541,Milly,Zamboniari,mzamboniarif0@google.fr,594111,2001,magna
542,Kimberli,Ashton,kashtonf1@joomla.org,186722,2004,sapien
543,Jolie,Dobrowolny,jdobrowolnyf2@opera.com,51157,2007,laoreet
544,Anett,Harry,aharryf3@wunderground.com,954662,1991,erat
545,Lanae,Gillebride,lgillebridef4@shutterfly.com,176363,2010,id
546,Zelda,Broek,zbroekf5@comcast.net,652663,2002,et
547,Sam,Heddan,sheddanf6@disqus.com,885743,1996,ultrices
548,Geordie,Blowne,gblownef7@xrea.com,287206,2008,non
549,Yvon,Gusticke,ygustickef8@aboutads.info,898513,1988,odio
550,Darsie,Look,dlookf9@ihg.com,495019,1992,dapibus
551,Thomasina,Donalson,tdonalsonfa@ted.com,564121,2003,nunc
552,Marsh,Thurstan,mthurstanfb@so-net.ne.jp,59905,1999,maecenas
553,Clyde,Amesbury,camesburyfc@sphinn.com,339390,1991,leo
554,Cristabel,Casbon,ccasbonfd@foxnews.com,697988,2008,nisi
555,Wright,Tackle,wtacklefe@ameblo.jp,357809,2007,amet
556,Loella,Kyncl,lkynclff@google.com.br,91944,1987,odio
557,Dre,Solway,dsolwayfg@cnn.com,121739,1997,ultrices
558,Mandy,Berwick,mberwickfh@census.gov,120702,2007,posuere
559,Liesa,Scrooby,lscroobyfi@japanpost.jp,963955,1990,pulvinar
560,Jacklin,Winnard,jwinnardfj@netvibes.com,541993,1994,pede
561,Camey,Elven,celvenfk@ehow.com,126895,2008,venenatis
562,Lucian,New,lnewfl@myspace.com,887870,1995,nam
563,Norrie,Giff,ngifffm@mapy.cz,80978,2013,laoreet
564,Darcy,Costello,dcostellofn@netlog.com,279115,2006,pretium
565,Kira,Quirke,kquirkefo@sina.com.cn,595822,2005,aliquet
566,Chrissy,Heatly,cheatlyfp@clickbank.net,681731,1994,in
567,Den,Bartles,dbartlesfq@merriam-webster.com,315659,1995,posuere
568,Lindsy,Durrett,ldurrettfr@weather.com,476391,2011,nulla
569,Gwendolen,Scaice,gscaicefs@vimeo.com,921082,2007,vestibulum
570,Pepillo,Bassilashvili,pbassilashvilift@tripadvisor.com,348112,2012,praesent
571,Barnett,Stellino,bstellinofu@shop-pro.jp,359900,2001,hac
572,Loy,Blague,lblaguefv@kickstarter.com,889905,2005,at
573,Brendan,Mehaffey,bmehaffeyfw@usatoday.com,444519,1989,augue
574,Carmencita,Patchett,cpatchettfx@toplist.cz,341140,2002,mauris
575,Cece,Christofe,cchristofefy@nbcnews.com,228699,2011,bibendum
576,Cherice,Cattroll,ccattrollfz@plala.or.jp,415603,1995,duis
577,Marchall,Sedgman,msedgmang0@wikia.com,302340,2000,at
578,Eziechiele,O' Dooley,eodooleyg1@slideshare.net,846624,1990,tellus
579,Lina,Armour,larmourg2@studiopress.com,948179,2008,nec
580,Timothee,Opie,topieg3@friendfeed.com,645909,2000,elit
581,Emmeline,Ruxton,eruxtong4@paypal.com,189297,2011,eu
582,Hynda,Burstowe,hburstoweg5@spotify.com,369099,2010,dapibus
583,Hallsy,Stanex,hstanexg6@mediafire.com,416586,1993,vitae
584,Marielle,Kohen,mkoheng7@dropbox.com,349142,1993,sagittis
585,Stacy,Martinat,smartinatg8@multiply.com,11764,1997,mi
586,Alicea,Chater,achaterg9@ocn.ne.jp,993106,1996,vestibulum
587,Grenville,Yeo,gyeoga@naver.com,197746,1994,quis
588,Axe,Hawyes,ahawyesgb@cpanel.net,49695,2006,quam
589,Elsi,Buckerfield,ebuckerfieldgc@hud.gov,217842,1995,orci
590,Phylys,Langcaster,plangcastergd@globo.com,809641,1980,mauris
591,Maurine,Ladson,mladsonge@newsvine.com,382805,1990,ut
592,Erskine,Mousley,emousleygf@storify.com,925159,2007,hac
593,Florence,Tregido,ftregidogg@wordpress.com,202739,1995,quis
594,Merrily,Waldocke,mwaldockegh@hp.com,343119,1995,non
595,Igor,Ilett,iilettgi@shinystat.com,965060,1994,sodales
596,Edithe,Massey,emasseygj@cam.ac.uk,70187,2000,congue
597,Eleonora,Snepp,esneppgk@multiply.com,402725,2008,massa
598,Killian,Lorraine,klorrainegl@alibaba.com,636652,2003,sem
599,Massimo,Dowbekin,mdowbekingm@newyorker.com,993534,2010,amet
600,Hedvige,Randalston,hrandalstongn@mac.com,764365,2000,luctus
601,Taber,Bartosinski,tbartosinskigo@spotify.com,28758,2012,pretium
602,Lida,Kestian,lkestiangp@canalblog.com,984736,1999,velit
603,Durand,Linklet,dlinkletgq@fc2.com,66754,2010,vestibulum
604,Gabriel,Drewell,gdrewellgr@e-recht24.de,643540,2011,sem
605,Eleanore,Antowski,eantowskigs@mail.ru,294517,1992,amet
606,Emlen,Dolan,edolangt@webmd.com,730287,2000,turpis
607,Jenny,Trunks,jtrunksgu@un.org,647962,2003,sagittis
608,Betteann,Falconer-Taylor,bfalconertaylorgv@nymag.com,968462,2011,sollicitudin
609,Raina,Henkens,rhenkensgw@elegantthemes.com,981449,2009,justo
610,Gallard,Sawle,gsawlegx@homestead.com,531073,2008,luctus
611,Lyndsay,Lepoidevin,llepoidevingy@imdb.com,333835,1988,congue
612,Emelen,Teesdale,eteesdalegz@economist.com,419263,1998,enim
613,Aubine,Matzkaitis,amatzkaitish0@meetup.com,465165,1989,augue
614,Doro,O'Suaird,dosuairdh1@slashdot.org,325810,2005,dictumst
615,Darren,Ubach,dubachh2@bbc.co.uk,670885,1999,nulla
616,Eddi,Lobell,elobellh3@hc360.com,67297,1996,ridiculus
617,Sherm,Freak,sfreakh4@reverbnation.com,538230,2011,facilisi
618,Charita,Teaze,cteazeh5@unblog.fr,893530,1990,penatibus
619,Fraser,Brodbin,fbrodbinh6@sphinn.com,384666,1994,sed
620,Axel,Brearley,abrearleyh7@flavors.me,368046,1996,purus
621,Cherilyn,Glyssanne,cglyssanneh8@lycos.com,312493,2004,non
622,Margie,Goscar,mgoscarh9@php.net,322499,2002,mauris
623,Sissie,Keele,skeeleha@ifeng.com,401323,1989,dictumst
624,Eden,Dunbobbin,edunbobbinhb@patch.com,446073,2010,in
625,Ulrick,Brownell,ubrownellhc@yale.edu,154890,2006,consequat
626,Bibbye,Grasner,bgrasnerhd@paypal.com,833861,2005,tortor
627,Cody,Ivamy,civamyhe@discovery.com,119431,1997,amet
628,Mickey,Taaffe,mtaaffehf@reddit.com,18899,1993,nibh
629,Olia,Artois,oartoishg@craigslist.org,332641,2010,vel
630,Nonie,Arendt,narendthh@house.gov,861573,1996,eu
631,Twila,Harlock,tharlockhi@163.com,79732,2006,vestibulum
632,Alexandre,Crosser,acrosserhj@utexas.edu,75732,2002,consequat
633,Leena,Elix,lelixhk@shareasale.com,115514,1984,non
634,Michaeline,Lanbertoni,mlanbertonihl@hp.com,740521,1992,congue
635,Aubine,Leek,aleekhm@seesaa.net,582310,2007,ut
636,Ky,Evreux,kevreuxhn@diigo.com,874257,2000,mattis
637,Darleen,Farquharson,dfarquharsonho@marketwatch.com,805904,2001,in
638,Moise,Gwioneth,mgwionethhp@sina.com.cn,157179,2012,vel
639,Rodrique,Strothers,rstrothershq@prnewswire.com,127865,1977,nec
640,Tracy,Keer,tkeerhr@nba.com,119122,2006,mi
641,Carmel,Diver,cdiverhs@va.gov,95912,2003,ligula
642,Bobbie,Imlacke,bimlackeht@cnn.com,76390,1985,dui
643,Arnold,Olanda,aolandahu@delicious.com,650564,2005,ante
644,Nikolaos,Roddell,nroddellhv@ask.com,113533,2003,egestas
645,Thekla,Marchington,tmarchingtonhw@springer.com,230498,2005,orci
646,Vidovik,Disbury,vdisburyhx@irs.gov,177615,2010,maecenas
647,Nappy,Bygrave,nbygravehy@skype.com,242500,2001,ligula
648,Tallia,Beacom,tbeacomhz@ted.com,615751,2008,dapibus
649,Petronille,Dyka,pdykai0@sogou.com,382967,1995,eget
650,Wilbert,Vest,wvesti1@g.co,903753,2012,nunc
651,Rolfe,Shearsby,rshearsbyi2@buzzfeed.com,792326,2003,lectus
652,Janos,Rawsthorn,jrawsthorni3@amazon.co.uk,225092,2002,convallis
653,Beatrisa,Hawney,bhawneyi4@umich.edu,714780,2005,aenean
654,Martino,Corragan,mcorragani5@booking.com,392686,2005,rutrum
655,Wilfred,Fairham,wfairhami6@plala.or.jp,317725,2004,phasellus
656,Jess,Vedyasov,jvedyasovi7@businesswire.com,531143,2006,eu
657,Krishnah,Rawnsley,krawnsleyi8@goo.ne.jp,70096,2011,pede
658,Shay,Basire,sbasirei9@about.me,406328,2010,sed
659,Roi,De Gouy,rdegouyia@myspace.com,387528,2001,blandit
660,Ezri,Greeveson,egreevesonib@live.com,770889,1999,nulla
661,Ernaline,Heam,eheamic@vistaprint.com,262454,1993,sem
662,Dall,Risson,drissonid@army.mil,346878,1998,ligula
663,Bertha,Breinl,bbreinlie@squidoo.com,540657,1992,primis
664,Addy,Hartridge,ahartridgeif@blogspot.com,329768,1990,lacus
665,Ardella,Clinkard,aclinkardig@ftc.gov,806873,2006,integer
666,Ardith,Anglim,aanglimih@blog.com,125226,1995,et
667,Editha,Tripony,etriponyii@businessweek.com,278076,2010,augue
668,Marquita,Lackey,mlackeyij@fastcompany.com,677600,2011,dui
669,Pate,Seakings,pseakingsik@hhs.gov,878794,2006,nisi
670,Deloris,Darington,ddaringtonil@csmonitor.com,249470,2009,justo
671,Thurstan,Silverstone,tsilverstoneim@imdb.com,880035,2002,nulla
672,Ardelle,MacKilroe,amackilroein@taobao.com,261261,1995,vel
673,Fritz,Mustin,fmustinio@taobao.com,152677,2011,interdum
674,Carolee,Pavlitschek,cpavlitschekip@telegraph.co.uk,574043,2008,tristique
675,Angela,Mattin,amattiniq@ftc.gov,199949,1986,blandit
676,Carey,Kinnach,ckinnachir@timesonline.co.uk,577507,2007,in
677,Zelma,MacCheyne,zmaccheyneis@moonfruit.com,997501,1995,lacus
678,Emmalynne,Barracks,ebarracksit@pen.io,239402,2000,turpis
679,Burt,Redwall,bredwalliu@pen.io,290317,2008,vehicula
680,Rene,Hedlestone,rhedlestoneiv@europa.eu,248681,2007,ullamcorper
681,Berkie,Chumley,bchumleyiw@nsw.gov.au,763665,2005,tellus
682,Adria,Blackaller,ablackallerix@fda.gov,792902,2008,tincidunt
683,Dotti,Lippi,dlippiiy@vinaora.com,415217,2008,congue
684,Rubetta,Jessope,rjessopeiz@barnesandnoble.com,280493,1994,iaculis
685,Asher,Dionisetto,adionisettoj0@meetup.com,200955,2007,pellentesque
686,Filide,Haveline,fhavelinej1@mayoclinic.com,88628,1996,congue
687,Corette,Ivushkin,civushkinj2@accuweather.com,896375,1996,posuere
688,Trumann,Palluschek,tpalluschekj3@hatena.ne.jp,141595,2009,duis
689,Batholomew,Ashforth,bashforthj4@linkedin.com,80434,2006,id
690,Cymbre,Lowry,clowryj5@cnn.com,528735,2009,blandit
691,Calvin,Manoch,cmanochj6@opera.com,887638,2011,nulla
692,Donelle,Presswell,dpresswellj7@tumblr.com,397707,1966,sodales
693,Dotty,Anan,dananj8@vinaora.com,882147,1993,at
694,Bendix,Gerssam,bgerssamj9@blogs.com,589883,1994,magna
695,Osborn,Swyndley,oswyndleyja@state.gov,585719,2004,sapien
696,Isador,Negus,inegusjb@aol.com,334735,1990,augue
697,Tracy,Pashe,tpashejc@ft.com,181420,2000,condimentum
698,Tori,Lechmere,tlechmerejd@slashdot.org,622268,1992,sollicitudin
699,Bambie,Di Filippo,bdifilippoje@utexas.edu,401941,2000,ligula
700,Aile,Margetson,amargetsonjf@yandex.ru,291656,2006,ultrices
701,Chrisy,Hylands,chylandsjg@fotki.com,194316,2005,proin
702,Hunt,Shaxby,hshaxbyjh@bravesites.com,176981,1989,vitae
703,Bucky,Glason,bglasonji@globo.com,852123,2002,magnis
704,Neron,Smyley,nsmyleyjj@surveymonkey.com,98549,1984,velit
705,Creight,Leyre,cleyrejk@mysql.com,278696,2004,vel
706,Rhonda,McClaurie,rmcclauriejl@pcworld.com,827641,2012,hendrerit
707,Calvin,Le Maitre,clemaitrejm@ft.com,415710,2012,leo
708,Michal,MacTerlagh,mmacterlaghjn@fastcompany.com,198569,1996,in
709,Brear,Hills,bhillsjo@discovery.com,667709,2000,vehicula
710,Kristian,Baldock,kbaldockjp@rakuten.co.jp,385772,1993,pretium
711,Jewell,Trass,jtrassjq@goo.gl,855466,2008,nec
712,Nickola,Grote,ngrotejr@joomla.org,100672,2011,semper
713,Bette-ann,Wanklyn,bwanklynjs@sun.com,660375,2007,volutpat
714,Augy,Allred,aallredjt@360.cn,516896,2002,tortor
715,Lazar,Bonas,lbonasju@google.cn,171150,1994,vitae
716,Amos,Sabater,asabaterjv@php.net,989572,2009,sapien
717,Nolly,Sheldrake,nsheldrakejw@hatena.ne.jp,984337,2008,ultrices
718,Conant,Napier,cnapierjx@amazon.com,549094,2005,sem
719,Rodger,Heighway,rheighwayjy@posterous.com,612977,1979,id
720,Marsiella,Cratchley,mcratchleyjz@shareasale.com,763995,2010,at
721,Seumas,Gladdor,sgladdork0@miitbeian.gov.cn,872669,2013,ligula
722,Mickie,Pereira,mpereirak1@bloomberg.com,672246,1997,ultrices
723,Iormina,Barstow,ibarstowk2@mysql.com,489063,1986,at
724,Sven,Kersaw,skersawk3@twitpic.com,308699,1995,vulputate
725,Deeyn,Goadsby,dgoadsbyk4@indiegogo.com,857892,2001,tellus
726,Gregg,Claris,gclarisk5@blogspot.com,692241,1984,viverra
727,Sandro,Jansen,sjansenk6@etsy.com,112028,2006,amet
728,Wanids,Wisedale,wwisedalek7@rakuten.co.jp,993935,2009,libero
729,Devin,Jinkin,djinkink8@reference.com,140917,2011,et
730,Wilton,Jopp,wjoppk9@buzzfeed.com,715725,1993,ligula
731,Janelle,Crier,jcrierka@woothemes.com,250935,2001,nibh
732,Aubrie,Spain,aspainkb@stumbleupon.com,23911,2006,orci
733,Grove,Pethrick,gpethrickkc@yahoo.co.jp,241403,2003,ligula
734,Tye,Banasiak,tbanasiakkd@squidoo.com,801932,1999,commodo
735,Dinnie,MacAulay,dmacaulayke@redcross.org,319562,2004,eu
736,Toinette,Cowerd,tcowerdkf@census.gov,919993,1989,nulla
737,Ambrosi,Webb,awebbkg@dropbox.com,426164,1988,accumsan
738,Kerr,Suthren,ksuthrenkh@yahoo.com,606763,1986,ante
739,Ronny,Manass,rmanasski@examiner.com,272811,1994,in
740,Lulita,Whitcombe,lwhitcombekj@state.gov,588599,2001,felis
741,Pip,Bagster,pbagsterkk@patch.com,706549,1995,quam
742,Joanna,Baitson,jbaitsonkl@omniture.com,13146,1995,lacus
743,Suzi,Kyttor,skyttorkm@alexa.com,188190,1990,eu
744,Brooke,Verrills,bverrillskn@vk.com,271399,1993,eu
745,Emanuele,Lundy,elundyko@epa.gov,469330,1995,montes
746,Katrina,Cecil,kcecilkp@flavors.me,231907,2010,habitasse
747,Carol,McLeese,cmcleesekq@google.fr,290524,1991,pellentesque
748,Kaitlynn,Pilsworth,kpilsworthkr@desdev.cn,29576,1988,pede
749,Marcia,Oke,mokeks@hc360.com,514287,1996,augue
750,Dorolice,Possell,dpossellkt@baidu.com,833465,2010,mattis
751,Yoshiko,Reubbens,yreubbensku@elegantthemes.com,275203,2012,diam
752,Paulie,Teale,ptealekv@squarespace.com,671372,1994,arcu
753,Cathyleen,Broadnicke,cbroadnickekw@princeton.edu,90412,2004,ante
754,Sadella,Lawty,slawtykx@japanpost.jp,138686,1990,aliquet
755,Lavinie,Troubridge,ltroubridgeky@adobe.com,41166,2008,molestie
756,Ellswerth,Halburton,ehalburtonkz@statcounter.com,127506,1999,eget
757,Rollo,Thompstone,rthompstonel0@ox.ac.uk,323633,1998,quis
758,Marcela,Ketley,mketleyl1@bigcartel.com,168122,2011,fringilla
759,Vonnie,Hague,vhaguel2@utexas.edu,13169,2002,id
760,Odell,Kittiman,okittimanl3@dedecms.com,84754,2005,montes
761,Hunfredo,Osgordby,hosgordbyl4@constantcontact.com,522276,1955,mauris
762,Stacie,Jenkyn,sjenkynl5@bbb.org,781126,1993,nunc
763,Meagan,Flemyng,mflemyngl6@sogou.com,161622,1970,nulla
764,Emogene,Baddam,ebaddaml7@github.com,978878,2009,duis
765,Ignazio,Bartleet,ibartleetl8@slideshare.net,748777,1994,eget
766,Vin,Worlidge,vworlidgel9@blogs.com,706892,1984,curabitur
767,Forbes,Ciobotaro,fciobotarola@geocities.com,283482,2000,ac
768,Harmonie,Applin,happlinlb@cnn.com,866290,2009,est
769,Merna,Westhofer,mwesthoferlc@geocities.jp,615503,2003,vestibulum
770,Tonie,Elie,telield@youtu.be,955309,2010,sit
771,Catrina,Chable,cchablele@washington.edu,972987,2000,proin
772,Guglielma,McGeagh,gmcgeaghlf@va.gov,665831,2010,curabitur
773,Kale,Lukovic,klukoviclg@noaa.gov,671358,2005,ultrices
774,Kelley,Nealey,knealeylh@sina.com.cn,699294,1994,consequat
775,Bianka,Padgett,bpadgettli@diigo.com,65180,1984,faucibus
776,Matilde,Pochin,mpochinlj@utexas.edu,849199,1995,magna
777,Cathi,Getten,cgettenlk@networksolutions.com,835278,2008,libero
778,Teodoro,Fuke,tfukell@gov.uk,65485,1988,donec
779,Duffy,Shawell,dshawelllm@sbwire.com,114116,2010,cubilia
780,Robers,Kinmond,rkinmondln@artisteer.com,341950,2001,quam
781,Jock,Shipway,jshipwaylo@washingtonpost.com,669561,2004,ultrices
782,Ingmar,Cockling,icocklinglp@e-recht24.de,506758,2004,sem
783,Olive,Biasioni,obiasionilq@theglobeandmail.com,614868,1987,eu
784,Iolanthe,Benedicte,ibenedictelr@reuters.com,858006,1993,enim
785,Ermin,Franck,efranckls@globo.com,3635,1993,consequat
786,Haily,Grocock,hgrococklt@google.nl,892872,2005,sit
787,Husein,McKeand,hmckeandlu@infoseek.co.jp,99804,1977,at
788,Moll,Sudell,msudelllv@boston.com,462705,1993,in
789,Tymothy,Lumby,tlumbylw@lulu.com,532291,1992,quis
790,Aubrette,Tybalt,atybaltlx@friendfeed.com,428605,2004,nulla
791,Willard,Rosnau,wrosnauly@aboutads.info,630475,2006,tellus
792,Leeanne,Domingues,ldomingueslz@nhs.uk,87334,2003,nulla
793,Niko,Adanez,nadanezm0@shutterfly.com,170356,2011,congue
794,Charline,Rowlinson,crowlinsonm1@google.es,656918,1992,nisl
795,Giulio,Mathe,gmathem2@rambler.ru,95990,1999,posuere
796,Ulrich,Johnes,ujohnesm3@woothemes.com,793916,2011,nullam
797,Chrissy,Buzine,cbuzinem4@freewebs.com,956706,1992,lorem
798,Kerby,Pourveer,kpourveerm5@hexun.com,120566,2006,natoque
799,Ardith,Deville,adevillem6@army.mil,9131,2008,erat
800,Stu,Clausewitz,sclausewitzm7@oaic.gov.au,541737,1992,dui
801,Marjy,Thorrold,mthorroldm8@cisco.com,937935,1998,justo
802,Darwin,Andresser,dandresserm9@ifeng.com,855712,1983,imperdiet
803,Sophie,Feely,sfeelyma@guardian.co.uk,654861,1986,duis
804,Tilda,Antoniou,tantonioumb@wiley.com,255547,1994,pharetra
805,Dolores,Bowich,dbowichmc@buzzfeed.com,873332,1995,orci
806,Abigael,Lummis,alummismd@51.la,348898,2007,accumsan
807,Brietta,Strange,bstrangeme@ihg.com,301705,2002,eu
808,Yetty,Spenton,yspentonmf@omniture.com,418531,1973,eu
809,Harland,Stendell,hstendellmg@theatlantic.com,704618,1983,in
810,Averil,Yallowley,ayallowleymh@amazonaws.com,959263,2008,ligula
811,Taffy,Espinos,tespinosmi@furl.net,946451,1992,pellentesque
812,Deanna,Pischel,dpischelmj@samsung.com,539180,2009,in
813,Yorgos,Trulocke,ytrulockemk@si.edu,940101,1999,praesent
814,Gabbey,Muccino,gmuccinoml@state.tx.us,847953,1994,eget
815,Mireille,Rosling,mroslingmm@sciencedirect.com,287881,2005,nisi
816,Mommy,Showen,mshowenmn@barnesandnoble.com,93705,2010,condimentum
817,Reg,Terry,rterrymo@gizmodo.com,348346,2010,nullam
818,August,Scotson,ascotsonmp@slideshare.net,690282,1995,ut
819,Sydelle,Arundell,sarundellmq@bigcartel.com,698383,2009,congue
820,Fayina,Yacob,fyacobmr@opensource.org,980587,2007,sed
821,Ignazio,McLleese,imclleesems@prlog.org,991165,1996,ultricies
822,Selie,Karczinski,skarczinskimt@pcworld.com,169483,1995,nulla
823,Claire,Dailey,cdaileymu@ehow.com,321388,2008,elementum
824,Diandra,Bateson,dbatesonmv@addtoany.com,980835,2005,lacinia
825,Estele,Emerson,eemersonmw@cbslocal.com,41322,2002,praesent
826,Clare,Morrison,cmorrisonmx@linkedin.com,886080,2005,cursus
827,Maynard,McCamish,mmccamishmy@yolasite.com,499877,1998,magna
828,Liva,Wattins,lwattinsmz@cafepress.com,758079,2008,dolor
829,Nicolette,Twelvetrees,ntwelvetreesn0@google.fr,453656,2002,mauris
830,Shauna,Gibbens,sgibbensn1@usatoday.com,326315,2012,vivamus
831,Laraine,Coop,lcoopn2@engadget.com,690640,2008,nulla
832,Jarrid,Peaden,jpeadenn3@boston.com,176449,2001,et
833,Zachary,Skamell,zskamelln4@istockphoto.com,86134,1994,gravida
834,Jard,Cantero,jcanteron5@flavors.me,269333,1993,integer
835,Wilek,O'Brallaghan,wobrallaghann6@addthis.com,147571,1998,maecenas
836,Daryl,Heaney,dheaneyn7@theglobeandmail.com,636331,1985,amet
837,Nobe,Decruse,ndecrusen8@upenn.edu,203679,2008,elit
838,Garrott,Burrells,gburrellsn9@hugedomains.com,455603,2012,nisi
839,Ernaline,Embra,eembrana@bigcartel.com,152048,1996,erat
840,Jermaine,Greeding,jgreedingnb@cornell.edu,944120,1996,nunc
841,Bryant,Jaggers,bjaggersnc@businessweek.com,743421,2006,turpis
842,Elroy,Noir,enoirnd@facebook.com,716478,2001,integer
843,Ros,Whatford,rwhatfordne@amazon.de,533738,2003,consequat
844,Moore,Sloley,msloleynf@posterous.com,609470,2000,semper
845,Kay,Haysham,khayshamng@yandex.ru,609646,2010,cursus
846,Bessy,Dunham,bdunhamnh@miitbeian.gov.cn,651849,2013,aliquam
847,Allis,Rablin,arablinni@nps.gov,764966,1995,integer
848,Rowena,Maunsell,rmaunsellnj@netscape.com,420442,2006,quam
849,Moe,McIlherran,mmcilherrannk@latimes.com,709508,1993,justo
850,Estrella,Petrou,epetrounl@hatena.ne.jp,940217,2011,in
851,Woodie,Tancock,wtancocknm@hp.com,626717,2008,nulla
852,Stanwood,Elvidge,selvidgenn@sphinn.com,402763,2003,morbi
853,Jarvis,Kettoe,jkettoeno@ucoz.ru,583552,1985,volutpat
854,Robb,Dinneges,rdinnegesnp@sciencedirect.com,308237,2009,felis
855,Crissy,Cardno,ccardnonq@tinypic.com,241140,2003,adipiscing
856,Seka,Grubb,sgrubbnr@devhub.com,233768,1992,id
857,Sabrina,Ghelarducci,sghelarduccins@1688.com,61870,2010,interdum
858,Jose,Suttie,jsuttient@dot.gov,340556,1987,mauris
859,Goldi,Craigg,gcraiggnu@yolasite.com,556664,1993,tristique
860,Stanfield,Dungey,sdungeynv@go.com,201510,1995,ut
861,Germaine,Borrett,gborrettnw@dion.ne.jp,698634,2004,ipsum
862,Kristoforo,Kobpa,kkobpanx@joomla.org,311545,1990,in
863,Jeffrey,Starbeck,jstarbeckny@pen.io,533835,1992,amet
864,Abner,Ogborne,aogbornenz@dailymail.co.uk,485514,1969,etiam
865,Naoma,Spilstead,nspilsteado0@sbwire.com,64916,1995,nunc
866,Jolee,Bartot,jbartoto1@epa.gov,264055,2001,est
867,Herman,Ludgate,hludgateo2@fc2.com,363651,2010,aenean
868,Stormy,Allridge,sallridgeo3@csmonitor.com,823674,1995,nullam
869,Vivyan,Vaan,vvaano4@nyu.edu,704724,2005,lorem
870,Elia,Mereweather,emereweathero5@joomla.org,179539,2007,odio
871,Godfrey,McCraine,gmccraineo6@mac.com,514800,2011,eu
872,Valerie,Fernez,vfernezo7@tuttocitta.it,757061,2011,in
873,Deb,Kinsella,dkinsellao8@archive.org,162644,1997,in
874,Madelena,McGeouch,mmcgeoucho9@homestead.com,216402,2003,adipiscing
875,Briney,Tulley,btulleyoa@ow.ly,540249,2011,in
876,Paulie,Swithenby,pswithenbyob@oakley.com,716322,1998,mauris
877,Goldie,Dean,gdeanoc@businessweek.com,980497,1985,ligula
878,Brody,Thomtson,bthomtsonod@hexun.com,70413,1998,ante
879,Charlot,Handscombe,chandscombeoe@sakura.ne.jp,659391,2002,posuere
880,Fee,Hurne,fhurneof@fotki.com,435207,2000,sapien
881,Brandon,Petheridge,bpetheridgeog@samsung.com,157950,2005,metus
882,Ernesta,Burnet,eburnetoh@imgur.com,565531,1996,augue
883,Ros,Levings,rlevingsoi@ucsd.edu,665456,1986,ac
884,Jefferson,Swarbrigg,jswarbriggoj@nationalgeographic.com,672205,2010,tincidunt
885,Todd,Simmonite,tsimmoniteok@alexa.com,465136,1993,erat
886,Fan,Sproul,fsproulol@si.edu,426539,1998,amet
887,Marrissa,Sinden,msindenom@zdnet.com,763707,1996,eget
888,Artemas,Ville,avilleon@ocn.ne.jp,520745,1996,in
889,Vallie,Scarrott,vscarrottoo@fastcompany.com,805587,2013,tristique
890,Chrisse,Rendle,crendleop@moonfruit.com,279804,1990,ultrices
891,Arlene,Nary,anaryoq@xing.com,970361,1995,amet
892,Bessie,Myatt,bmyattor@symantec.com,506888,1999,ultrices
893,Eddy,Pendle,ependleos@bravesites.com,315690,2004,iaculis
894,Freemon,Dobrowski,fdobrowskiot@chronoengine.com,586807,2007,quam
895,Kalil,Olenichev,kolenichevou@wikispaces.com,624202,2010,penatibus
896,Aime,Jarvie,ajarvieov@cnet.com,521132,2005,donec
897,Cherise,Brocklesby,cbrocklesbyow@weibo.com,7631,1991,id
898,Tommie,Turpey,tturpeyox@independent.co.uk,783898,2012,maecenas
899,Ernesto,Woodley,ewoodleyoy@nba.com,292502,1991,suscipit
900,Maxim,Jobbing,mjobbingoz@xing.com,291243,2009,nam
901,Drucie,O'Reilly,doreillyp0@nbcnews.com,454567,2012,fermentum
902,Tara,Renzini,trenzinip1@princeton.edu,404653,1984,cras
903,Hervey,Beccero,hbeccerop2@reddit.com,913507,2003,platea
904,Lothaire,Croxall,lcroxallp3@w3.org,438324,1992,ultrices
905,Emmi,Goligly,egoliglyp4@senate.gov,728900,1996,praesent
906,Auguste,Stolworthy,astolworthyp5@creativecommons.org,614965,1998,ultrices
907,Aldis,McClune,amcclunep6@wikispaces.com,775537,2006,nisi
908,Cathrine,Wadelin,cwadelinp7@ovh.net,212840,2003,justo
909,Elspeth,Braunes,ebraunesp8@weebly.com,917555,2008,mauris
910,Brody,Orrice,borricep9@imdb.com,514692,2001,cras
911,April,Szapiro,aszapiropa@yelp.com,239376,1987,sagittis
912,Ronny,Blackaller,rblackallerpb@instagram.com,699398,1996,sem
913,Wendi,Cherryman,wcherrymanpc@mayoclinic.com,352036,1997,maecenas
914,Haze,McGillivrie,hmcgillivriepd@fc2.com,484364,1992,sollicitudin
915,Charlton,Bullock,cbullockpe@netvibes.com,950604,1987,integer
916,Pen,Lamplugh,plamplughpf@gizmodo.com,516096,2001,in
917,Nomi,D'Orsay,ndorsaypg@bluehost.com,569805,2005,nulla
918,Erek,Coatsworth,ecoatsworthph@g.co,697121,2009,magnis
919,Archambault,Dobey,adobeypi@nymag.com,816372,2007,amet
920,Timotheus,Fitchett,tfitchettpj@nytimes.com,774887,2001,ridiculus
921,Shalom,Enos,senospk@soup.io,94216,2010,lobortis
922,Elnore,Prandin,eprandinpl@liveinternet.ru,924656,1994,dignissim
923,Gabriello,Crolly,gcrollypm@ocn.ne.jp,877923,1997,odio
924,Giffard,Saffon,gsaffonpn@chronoengine.com,921402,2002,pede
925,Cassie,Guerro,cguerropo@wikipedia.org,11263,1996,sem
926,Jim,Stainer,jstainerpp@vimeo.com,684048,2008,quam
927,Twyla,Mechi,tmechipq@omniture.com,899812,2006,maecenas
928,Lindsay,Stollenberg,lstollenbergpr@dagondesign.com,919665,1991,in
929,Reginauld,Beven,rbevenps@twitpic.com,824615,2010,varius
930,Lonni,Hush,lhushpt@wikispaces.com,126253,2001,pede
931,Stacy,Dibben,sdibbenpu@uol.com.br,917683,1999,sit
932,Nels,Alessandrucci,nalessandruccipv@bloglovin.com,37244,1992,tortor
933,Bryana,Donnel,bdonnelpw@businesswire.com,639592,1998,sed
934,Lela,Jahnig,ljahnigpx@soundcloud.com,103757,2003,lectus
935,Todd,Wellfare,twellfarepy@yellowpages.com,469269,2003,dui
936,Michaela,Marre,mmarrepz@shareasale.com,786644,2001,erat
937,Butch,Gwillyam,bgwillyamq0@issuu.com,112385,1999,bibendum
938,Gilburt,Byrkmyr,gbyrkmyrq1@creativecommons.org,725039,2011,et
939,Shermie,Peniman,spenimanq2@reuters.com,269739,1994,id
940,Tamra,Bezarra,tbezarraq3@microsoft.com,424912,2012,suspendisse
941,Nelly,Shilburne,nshilburneq4@ow.ly,871078,1992,vitae
942,Herve,Druett,hdruettq5@dedecms.com,177750,2003,sit
943,Teodora,Martina,tmartinaq6@edublogs.org,36325,2006,mi
944,Cristy,Jewise,cjewiseq7@google.com.au,957522,2001,nam
945,Felic,Leeman,fleemanq8@skype.com,563456,2008,nulla
946,Antonietta,Naulls,anaullsq9@archive.org,381089,2007,risus
947,Dominique,Berthel,dberthelqa@marriott.com,779047,2012,justo
948,Anselma,Smieton,asmietonqb@hubpages.com,111161,2012,venenatis
949,Shina,Staniford,sstanifordqc@elpais.com,485932,2000,turpis
950,Bibbie,Lundon,blundonqd@feedburner.com,132817,2002,elit
951,Beulah,Trebilcock,btrebilcockqe@blog.com,722529,2002,posuere
952,Dallas,Caveney,dcaveneyqf@mlb.com,48467,2009,sapien
953,Ibrahim,Standon,istandonqg@wsj.com,276325,1987,amet
954,Joseito,Zannotti,jzannottiqh@google.ru,223129,1998,lacus
955,Cleo,Vouls,cvoulsqi@redcross.org,612867,2008,libero
956,Eberhard,De Ruel,ederuelqj@intel.com,314614,2007,nunc
957,Tate,Glenister,tglenisterqk@archive.org,243907,1997,lorem
958,Neill,Blagburn,nblagburnql@altervista.org,706725,2009,rutrum
959,Fredric,Clemes,fclemesqm@unesco.org,804287,2011,primis
960,Gertrude,Pray,gprayqn@rakuten.co.jp,59715,2006,a
961,Merrily,Jodrellec,mjodrellecqo@army.mil,224760,2011,sit
962,Carline,Henrichsen,chenrichsenqp@slashdot.org,827945,2012,nulla
963,Sergeant,Bolderstone,sbolderstoneqq@ucoz.com,121683,2009,eu
964,Jobey,Jandourek,jjandourekqr@digg.com,439754,1987,integer
965,Randa,Pirouet,rpirouetqs@godaddy.com,955397,1999,risus
966,Carolan,McCreagh,cmccreaghqt@shutterfly.com,66307,2008,ac
967,Jerrilyn,McElree,jmcelreequ@archive.org,516409,1990,nisi
968,Magdalena,Moisey,mmoiseyqv@msu.edu,43408,1990,ut
969,Gilbert,Allinson,gallinsonqw@eepurl.com,570276,1990,ut
970,Meredeth,Leidl,mleidlqx@tripod.com,154216,2010,egestas
971,Isabella,McCreary,imccrearyqy@whitehouse.gov,686049,1996,erat
972,Lenna,Teers,lteersqz@bbc.co.uk,334314,1996,leo
973,Robin,Richardon,rrichardonr0@usda.gov,689362,1965,ante
974,Sydel,Dengel,sdengelr1@amazon.com,30986,2007,quam
975,Dugald,Lock,dlockr2@nsw.gov.au,892864,2005,ut
976,Jule,Codlin,jcodlinr3@nba.com,163060,2003,venenatis
977,Hilario,Itzkovsky,hitzkovskyr4@engadget.com,272652,1999,imperdiet
978,Myrilla,Wadesworth,mwadesworthr5@unc.edu,82070,2011,eu
979,Paxon,Dumbarton,pdumbartonr6@dedecms.com,722421,1990,suspendisse
980,Roseanna,Slorance,rslorancer7@answers.com,581646,2003,potenti
981,Kaylee,Saville,ksaviller8@g.co,948705,2002,vulputate
982,Henryetta,Yeldon,hyeldonr9@godaddy.com,739148,1996,mauris
983,Eadmund,Baverstock,ebaverstockra@umich.edu,798647,2010,est
984,Margo,Pol,mpolrb@aboutads.info,361376,2008,turpis
985,Rorie,Willarton,rwillartonrc@devhub.com,290032,1988,mattis
986,Estrella,Broschke,ebroschkerd@state.tx.us,737594,1991,cras
987,Winona,Duthie,wduthiere@dyndns.org,487429,2001,aenean
988,Annecorinne,Schukraft,aschukraftrf@unesco.org,495894,1999,ligula
989,Giacopo,Stammers,gstammersrg@wordpress.org,730830,2006,justo
990,Holli,Bestwall,hbestwallrh@ehow.com,61841,2011,dis
991,Sheela,Palffy,spalffyri@nationalgeographic.com,312670,1993,faucibus
992,Iggy,Brabyn,ibrabynrj@gmpg.org,590247,2010,felis
993,Madelin,Delion,mdelionrk@rediff.com,857924,2006,consequat
994,Jeremy,Bendix,jbendixrl@dedecms.com,185654,1985,sit
995,Serena,Insull,sinsullrm@amazon.co.uk,497854,2007,nisl
996,Bobby,Sabati,bsabatirn@nationalgeographic.com,311336,1998,tincidunt
997,Byrann,Labon,blabonro@gnu.org,710702,1998,nibh
998,Harlin,Stockings,hstockingsrp@mozilla.org,499243,1995,pulvinar
999,Boony,Worters,bwortersrq@businessinsider.com,690009,2008,nam
1000,Zenia,Sorro,zsorrorr@flavors.me,142168,1995,orci
